{"cameraMode":{"drawMode":0,"name":"Shaded","section":"Shading Mode"},"sceneLighting":false,"audioPlay":false,"sceneViewState":{"showFog":true,"showMaterialUpdate":false,"showSkybox":false,"showFlares":true,"showImageEffects":true,"showParticleSystems":true},"in2DMode":false,"pivot":{"x":4.469135284423828,"y":8.170000076293946,"z":-10.972053527832032},"rotation":{"x":0.09623295813798905,"y":0.7341552376747131,"z":-0.10645363479852677,"w":0.6636484265327454},"size":41.62346649169922,"orthographic":false}